{"cameraMode":{"drawMode":0,"name":"Shaded","section":"Shading Mode"},"sceneLighting":true,"audioPlay":false,"sceneViewState":{"showFog":true,"showMaterialUpdate":false,"showSkybox":true,"showFlares":true,"showImageEffects":true,"showParticleSystems":true},"in2DMode":false,"pivot":{"x":-23.83385467529297,"y":1.6290855407714844,"z":0.03369402885437012},"rotation":{"x":-0.1321086436510086,"y":-0.8578370213508606,"z":0.4147115647792816,"w":-0.2732715308666229},"size":6.018721580505371,"orthographic":false}