{"cameraMode":{"drawMode":0,"name":"Shaded","section":"Shading Mode"},"sceneLighting":false,"audioPlay":false,"sceneViewState":{"showFog":true,"showMaterialUpdate":false,"showSkybox":false,"showFlares":true,"showImageEffects":true,"showParticleSystems":true},"in2DMode":false,"pivot":{"x":-0.36820363998413088,"y":0.31714677810668948,"z":-1.5863442420959473},"rotation":{"x":-0.16261324286460877,"y":0.07451526820659638,"z":-0.012315470725297928,"w":-0.9837951064109802},"size":4.161057472229004,"orthographic":false}