{"cameraMode":{"drawMode":0,"name":"Shaded","section":"Shading Mode"},"sceneLighting":true,"audioPlay":false,"sceneViewState":{"showFog":true,"showMaterialUpdate":false,"showSkybox":true,"showFlares":true,"showImageEffects":true,"showParticleSystems":true},"in2DMode":false,"pivot":{"x":-4.870434761047363,"y":3.082324981689453,"z":2.9669852256774904},"rotation":{"x":-0.28939589858055117,"y":-0.5538053512573242,"z":0.21340812742710114,"w":-0.7510037422180176},"size":13.654793739318848,"orthographic":false}