{"cameraMode":{"drawMode":0,"name":"Shaded","section":"Shading Mode"},"sceneLighting":true,"audioPlay":false,"sceneViewState":{"showFog":true,"showMaterialUpdate":false,"showSkybox":true,"showFlares":true,"showImageEffects":true,"showParticleSystems":true},"in2DMode":false,"pivot":{"x":-23.802204132080079,"y":2.4162449836730959,"z":0.03287315368652344},"rotation":{"x":-0.11703256517648697,"y":0.012512117624282837,"z":-0.0014734897995367647,"w":-0.9930481910705566},"size":5.361057758331299,"orthographic":false}