{"cameraMode":{"drawMode":0,"name":"Shaded","section":"Shading Mode"},"sceneLighting":false,"audioPlay":false,"sceneViewState":{"showFog":true,"showMaterialUpdate":false,"showSkybox":false,"showFlares":true,"showImageEffects":true,"showParticleSystems":true},"in2DMode":false,"pivot":{"x":-1.9560505151748658,"y":-1.1431130170822144,"z":3.73703670501709},"rotation":{"x":-0.28939589858055117,"y":-0.5538053512573242,"z":0.21340812742710114,"w":-0.7510037422180176},"size":1.6982580423355103,"orthographic":false}