{"cameraMode":{"drawMode":0,"name":"Shaded","section":"Shading Mode"},"sceneLighting":false,"audioPlay":false,"sceneViewState":{"showFog":true,"showMaterialUpdate":false,"showSkybox":false,"showFlares":true,"showImageEffects":true,"showParticleSystems":true},"in2DMode":false,"pivot":{"x":10.964672088623047,"y":6.8765997886657719,"z":-34.1877555847168},"rotation":{"x":0.33139175176620486,"y":0.012731237336993218,"z":-0.004472244065254927,"w":0.943396806716919},"size":25.61627769470215,"orthographic":false}