{"cameraMode":{"drawMode":0,"name":"Shaded","section":"Shading Mode"},"sceneLighting":true,"audioPlay":false,"sceneViewState":{"showFog":true,"showMaterialUpdate":false,"showSkybox":true,"showFlares":true,"showImageEffects":true,"showParticleSystems":true},"in2DMode":false,"pivot":{"x":0.6399999856948853,"y":1.3000000715255738,"z":0.47999998927116396},"rotation":{"x":0.33139175176620486,"y":0.012731237336993218,"z":-0.004472244065254927,"w":0.943396806716919},"size":3.4344043731689455,"orthographic":false}