{"cameraMode":{"drawMode":0,"name":"Shaded","section":"Shading Mode"},"sceneLighting":true,"audioPlay":false,"sceneViewState":{"showFog":true,"showMaterialUpdate":false,"showSkybox":true,"showFlares":true,"showImageEffects":true,"showParticleSystems":true},"in2DMode":false,"pivot":{"x":-29.320213317871095,"y":0.7345428466796875,"z":-21.308347702026368},"rotation":{"x":0.2791825234889984,"y":0.48146137595176699,"z":-0.16507939994335175,"w":0.8142486810684204},"size":21.284334182739259,"orthographic":false}